{
  "times": [
    8.144828796386719,
    0.9647858142852783,
    0.960731029510498,
    0.672919750213623,
    0.9636890888214111,
    0.46843600273132324,
    0.9594767093658447,
    0.9589765071868896,
    0.9565138816833496,
    0.9639384746551514
  ],
  "average_time": 1.6014296054840087
}